[
null,
{"id":1,"battlerName":"Actor1_1","characterIndex":0,"characterName":"Actor1","classId":1,"equips":[2,0,0],"faceIndex":0,"faceName":"Actor1","traits":[],"initialLevel":1,"maxLevel":99,"name":"リード","nickname":"","note":"","profile":""},
{"id":2,"battlerName":"Actor1_2","characterIndex":1,"characterName":"Actor1","classId":1,"equips":[1,0,0],"faceIndex":1,"faceName":"Actor1","traits":[],"initialLevel":1,"maxLevel":99,"name":"プリシア","nickname":"","note":"","profile":""},
{"id":3,"battlerName":"Actor1_3","characterIndex":2,"characterName":"Actor1","classId":5,"equips":[31,0,65],"faceIndex":2,"faceName":"Actor1","traits":[],"initialLevel":1,"maxLevel":99,"name":"ゲイル","nickname":"","note":"","profile":""},
{"id":4,"battlerName":"Actor1_4","characterIndex":3,"characterName":"Actor1","classId":5,"equips":[31,0,0],"faceIndex":3,"faceName":"Actor1","traits":[],"initialLevel":1,"maxLevel":99,"name":"ミシェル","nickname":"","note":"","profile":""},
{"id":5,"battlerName":"Actor1_5","characterIndex":4,"characterName":"Actor1","classId":2,"equips":[7,0,0],"faceIndex":4,"faceName":"Actor1","traits":[],"initialLevel":1,"maxLevel":99,"name":"アルベール","nickname":"","note":"","profile":""},
{"id":6,"battlerName":"Actor1_6","characterIndex":5,"characterName":"Actor1","classId":2,"equips":[7,0,65],"faceIndex":5,"faceName":"Actor1","traits":[],"initialLevel":1,"maxLevel":99,"name":"ケイシー","nickname":"","note":"","profile":""},
{"id":7,"battlerName":"Actor1_7","characterIndex":6,"characterName":"Actor1","classId":3,"equips":[7,0,0],"faceIndex":6,"faceName":"Actor1","traits":[],"initialLevel":1,"maxLevel":99,"name":"エリオット","nickname":"","note":"","profile":""},
{"id":8,"battlerName":"Actor1_8","characterIndex":7,"characterName":"Actor1","classId":3,"equips":[7,0,0],"faceIndex":7,"faceName":"Actor1","traits":[],"initialLevel":1,"maxLevel":99,"name":"ローザ","nickname":"","note":"","profile":""},
{"id":9,"battlerName":"","characterIndex":0,"characterName":"","classId":1,"equips":[0,0,0,0,0],"faceIndex":0,"faceName":"","traits":[],"initialLevel":1,"maxLevel":99,"name":"","nickname":"","note":"","profile":""},
{"id":10,"battlerName":"","characterIndex":0,"characterName":"","classId":1,"equips":[0,0,0,0,0],"faceIndex":0,"faceName":"","traits":[],"initialLevel":1,"maxLevel":99,"name":"","nickname":"","note":"","profile":""},
{"id":11,"battlerName":"","characterIndex":0,"characterName":"","classId":1,"equips":[0,0,0,0,0],"faceIndex":0,"faceName":"","traits":[],"initialLevel":1,"maxLevel":99,"name":"","nickname":"","note":"","profile":""},
{"id":12,"battlerName":"","characterIndex":2,"characterName":"People1","classId":12,"equips":[62,122,0,0,0],"faceIndex":2,"faceName":"People1","traits":[],"initialLevel":10,"maxLevel":99,"name":"アレン","nickname":"村人","note":"","profile":"ファイターのクラスを取得しているので\nハンターギルドへの依頼をしに行くことになった。"},
{"id":13,"battlerName":"","characterIndex":3,"characterName":"Actor3","classId":13,"equips":[66,126,0,0,0],"faceIndex":3,"faceName":"Actor3","traits":[],"initialLevel":15,"maxLevel":99,"name":"セシリィ","nickname":"B級ハンター","note":"","profile":"ハンターギルドに所属する魔術士。最近仕事が減って\nいるので、選り好みできないと考えている。"},
{"id":14,"battlerName":"","characterIndex":0,"characterName":"","classId":1,"equips":[0,0,0,0,0],"faceIndex":0,"faceName":"","traits":[],"initialLevel":1,"maxLevel":99,"name":"","nickname":"","note":"","profile":""},
{"id":15,"battlerName":"","characterIndex":0,"characterName":"","classId":1,"equips":[0,0,0,0,0],"faceIndex":0,"faceName":"","traits":[],"initialLevel":1,"maxLevel":99,"name":"","nickname":"","note":"","profile":""},
{"id":16,"battlerName":"","characterIndex":0,"characterName":"","classId":1,"equips":[0,0,0,0,0],"faceIndex":0,"faceName":"","traits":[],"initialLevel":1,"maxLevel":99,"name":"","nickname":"","note":"","profile":""},
{"id":17,"battlerName":"","characterIndex":0,"characterName":"","classId":1,"equips":[0,0,0,0,0],"faceIndex":0,"faceName":"","traits":[],"initialLevel":1,"maxLevel":99,"name":"","nickname":"","note":"","profile":""},
{"id":18,"battlerName":"","characterIndex":0,"characterName":"","classId":1,"equips":[0,0,0,0,0],"faceIndex":0,"faceName":"","traits":[],"initialLevel":1,"maxLevel":99,"name":"","nickname":"","note":"","profile":""},
{"id":19,"battlerName":"","characterIndex":0,"characterName":"","classId":1,"equips":[0,0,0,0,0],"faceIndex":0,"faceName":"","traits":[],"initialLevel":1,"maxLevel":99,"name":"","nickname":"","note":"","profile":""},
{"id":20,"battlerName":"","characterIndex":0,"characterName":"","classId":1,"equips":[0,0,0,0,0],"faceIndex":0,"faceName":"","traits":[],"initialLevel":1,"maxLevel":99,"name":"","nickname":"","note":"","profile":""}
]