[
null,
{"id":1,"atypeId":1,"description":"","etypeId":0,"traits":[{"code":22,"dataId":1,"value":0}],"iconIndex":135,"name":"-----鎧系","note":"","params":[0,0,0,1,0,0,0,0],"price":100},
{"id":2,"atypeId":1,"description":"【一般装備】通気性の高い布の服。","etypeId":4,"traits":[{"code":22,"dataId":1,"value":0}],"iconIndex":135,"name":"布の服","note":"","params":[0,0,0,1,0,0,0,0],"price":100},
{"id":3,"atypeId":1,"description":"【一般装備】なめし皮で作られたベスト。","etypeId":0,"traits":[{"code":22,"dataId":1,"value":0}],"iconIndex":135,"name":"レザーベスト","note":"","params":[0,0,0,3,0,0,0,0],"price":200},
{"id":4,"atypeId":1,"description":"【一般装備】過酷な旅にも耐えられる丈夫な服。","etypeId":4,"traits":[{"code":22,"dataId":1,"value":0}],"iconIndex":135,"name":"冒険者の服","note":"","params":[0,0,0,7,0,0,0,0],"price":550},
{"id":5,"atypeId":1,"description":"【一般装備】にかわで固めた硬皮のベスト。","etypeId":4,"traits":[{"code":22,"dataId":1,"value":0}],"iconIndex":135,"name":"ハードレザー","note":"","params":[0,0,0,15,0,0,0,0],"price":980},
{"id":6,"atypeId":1,"description":"【一般装備】鋼板で補強したなめし皮製の服。","etypeId":4,"traits":[{"code":22,"dataId":1,"value":0}],"iconIndex":135,"name":"ブリガンダイン","note":"","params":[0,0,0,20,0,0,0,0],"price":1560},
{"id":7,"atypeId":0,"description":"","etypeId":2,"traits":[{"code":22,"dataId":1,"value":0}],"iconIndex":0,"name":"","note":"","params":[0,0,0,0,0,0,0,0],"price":0},
{"id":8,"atypeId":3,"description":"【軽装備】丈夫な布で作られた鎧。","etypeId":4,"traits":[{"code":22,"dataId":1,"value":0}],"iconIndex":136,"name":"クロースアーマー","note":"","params":[0,0,0,4,0,0,0,0],"price":260},
{"id":9,"atypeId":3,"description":"【軽装備】なめし皮を重ねて組んだ鎧。","etypeId":4,"traits":[{"code":22,"dataId":1,"value":0}],"iconIndex":136,"name":"レザーアーマー","note":"","params":[0,0,0,8,0,0,0,0],"price":550},
{"id":10,"atypeId":3,"description":"【軽装備】青銅製の胸当て。","etypeId":4,"traits":[{"code":22,"dataId":1,"value":0}],"iconIndex":136,"name":"ブロンズブレスト","note":"","params":[0,0,0,13,0,0,0,0],"price":840},
{"id":11,"atypeId":3,"description":"【軽装備】鋼鉄製の胸当て。","etypeId":4,"traits":[{"code":22,"dataId":1,"value":0}],"iconIndex":136,"name":"アイアンブレスト","note":"","params":[0,0,0,20,0,0,0,0],"price":1280},
{"id":12,"atypeId":3,"description":"【軽装備】ミスリルで作られた胸当て。","etypeId":4,"traits":[{"code":22,"dataId":1,"value":0}],"iconIndex":136,"name":"ミスリルブレスト","note":"","params":[0,0,0,27,0,0,0,0],"price":2800},
{"id":13,"atypeId":3,"description":"【軽装備】ドラゴンの鱗作られた胸当て。","etypeId":4,"traits":[{"code":22,"dataId":1,"value":0}],"iconIndex":136,"name":"ドラゴンブレスト","note":"","params":[0,0,0,35,0,0,0,0],"price":4680},
{"id":14,"atypeId":0,"description":"","etypeId":2,"traits":[{"code":22,"dataId":1,"value":0}],"iconIndex":0,"name":"","note":"","params":[0,0,0,0,0,0,0,0],"price":0},
{"id":15,"atypeId":4,"description":"【重装備】青銅製の鎧。","etypeId":4,"traits":[{"code":22,"dataId":1,"value":0}],"iconIndex":137,"name":"ブロンズアーマー","note":"","params":[0,0,0,15,0,0,0,0],"price":680},
{"id":16,"atypeId":4,"description":"【重装備】鋼鉄製の鎧。","etypeId":4,"traits":[{"code":22,"dataId":1,"value":0}],"iconIndex":137,"name":"アイアンアーマー","note":"","params":[0,0,0,24,0,0,0,0],"price":1480},
{"id":17,"atypeId":4,"description":"【重装備】ミスリルで作られた鎧。","etypeId":4,"traits":[{"code":22,"dataId":1,"value":0}],"iconIndex":137,"name":"ミスリルアーマー","note":"","params":[0,0,0,37,0,0,0,0],"price":3250},
{"id":18,"atypeId":4,"description":"【重装備】ドラゴンの鱗で作られた鎧。","etypeId":4,"traits":[{"code":22,"dataId":1,"value":0}],"iconIndex":137,"name":"ドラゴンアーマー","note":"","params":[0,0,0,50,0,0,0,0],"price":5260},
{"id":19,"atypeId":0,"description":"","etypeId":2,"traits":[{"code":22,"dataId":1,"value":0}],"iconIndex":0,"name":"","note":"","params":[0,0,0,0,0,0,0,0],"price":0},
{"id":20,"atypeId":2,"description":"【魔法装備】広く普及している一般的なローブ。","etypeId":4,"traits":[{"code":22,"dataId":1,"value":0}],"iconIndex":139,"name":"木綿のローブ","note":"","params":[0,0,0,4,2,3,0,0],"price":150},
{"id":21,"atypeId":2,"description":"【魔法装備】絹で作られた上質なマント。","etypeId":4,"traits":[{"code":22,"dataId":1,"value":0}],"iconIndex":139,"name":"絹のマント","note":"","params":[0,0,0,9,4,6,0,0],"price":560},
{"id":22,"atypeId":2,"description":"【魔法装備】ルーン文字が刻まれたローブ。","etypeId":4,"traits":[{"code":22,"dataId":1,"value":0}],"iconIndex":139,"name":"術士のローブ","note":"","params":[0,0,0,15,7,11,0,0],"price":1220},
{"id":23,"atypeId":2,"description":"【魔法装備】魔力が織り込まれたローブ。","etypeId":4,"traits":[{"code":22,"dataId":1,"value":0}],"iconIndex":139,"name":"賢者のローブ","note":"","params":[0,0,0,21,15,18,0,0],"price":2980},
{"id":24,"atypeId":2,"description":"【魔法装備】精霊王の力が宿る究極のマント。","etypeId":4,"traits":[{"code":22,"dataId":1,"value":0}],"iconIndex":139,"name":"エレメンタルマント","note":"","params":[0,0,0,28,20,32,0,0],"price":5760},
{"id":25,"atypeId":0,"description":"","etypeId":2,"traits":[{"code":22,"dataId":1,"value":0}],"iconIndex":0,"name":"","note":"","params":[0,0,0,0,0,0,0,0],"price":0},
{"id":26,"atypeId":1,"description":"","etypeId":4,"traits":[{"code":22,"dataId":1,"value":0}],"iconIndex":135,"name":"-----盾系","note":"","params":[0,0,0,1,0,0,0,0],"price":100},
{"id":27,"atypeId":5,"description":"【小型盾】攻撃を受け流すための小型盾。","etypeId":2,"traits":[{"code":22,"dataId":1,"value":0}],"iconIndex":129,"name":"バックラー","note":"","params":[0,0,0,5,0,0,0,0],"price":300},
{"id":28,"atypeId":5,"description":"【小型盾】鉄の枠で補強した木製の円盾。","etypeId":2,"traits":[{"code":22,"dataId":1,"value":0}],"iconIndex":129,"name":"ラウンドバックラー","note":"","params":[0,0,0,10,0,0,0,0],"price":670},
{"id":29,"atypeId":5,"description":"【小型盾】表面に攻撃用のトゲがついた円盾。","etypeId":2,"traits":[{"code":22,"dataId":1,"value":0}],"iconIndex":129,"name":"スパイクバックラー","note":"","params":[0,0,0,15,0,0,0,0],"price":1320},
{"id":30,"atypeId":5,"description":"【小型盾】ミスリルで作られた小型盾。","etypeId":2,"traits":[{"code":22,"dataId":1,"value":0}],"iconIndex":129,"name":"ミスリルバックラー","note":"","params":[0,0,0,21,0,0,0,0],"price":2750},
{"id":31,"atypeId":5,"description":"【小型盾】竜の鱗から作られた小型盾。","etypeId":2,"traits":[{"code":22,"dataId":1,"value":0}],"iconIndex":129,"name":"ドラゴンバックラー","note":"","params":[0,0,0,28,0,0,0,0],"price":5280},
{"id":32,"atypeId":0,"description":"","etypeId":2,"traits":[{"code":22,"dataId":1,"value":0}],"iconIndex":0,"name":"","note":"","params":[0,0,0,0,0,0,0,0],"price":0},
{"id":33,"atypeId":6,"description":"【大型盾】ごく普通の木製の大きな盾。","etypeId":2,"traits":[{"code":22,"dataId":1,"value":0}],"iconIndex":128,"name":"ウッドシールド","note":"","params":[0,0,0,7,0,0,0,0],"price":550},
{"id":34,"atypeId":6,"description":"【大型盾】青銅の板で作られた大きな盾。","etypeId":2,"traits":[{"code":22,"dataId":1,"value":0}],"iconIndex":128,"name":"ブロンズシールド","note":"","params":[0,0,0,12,0,0,0,0],"price":960},
{"id":35,"atypeId":6,"description":"【大型盾】鋼鉄製の大きな盾。","etypeId":2,"traits":[{"code":22,"dataId":1,"value":0}],"iconIndex":128,"name":"アイアンシールド","note":"","params":[0,0,0,17,0,0,0,0],"price":1480},
{"id":36,"atypeId":6,"description":"【大型盾】ミスリルで作られた大型の盾。","etypeId":2,"traits":[{"code":22,"dataId":1,"value":0}],"iconIndex":128,"name":"ミスリルシールド","note":"","params":[0,0,0,25,0,0,0,0],"price":2980},
{"id":37,"atypeId":6,"description":"【大型盾】竜の鱗から作られた大型の盾。","etypeId":2,"traits":[{"code":22,"dataId":1,"value":0}],"iconIndex":128,"name":"ドラゴンシールド","note":"","params":[0,0,0,38,0,0,0,0],"price":6120},
{"id":38,"atypeId":0,"description":"","etypeId":2,"traits":[{"code":22,"dataId":1,"value":0}],"iconIndex":0,"name":"","note":"","params":[0,0,0,0,0,0,0,0],"price":0},
{"id":39,"atypeId":2,"description":"【魔法装備】守護の魔法がかけられた腕輪。","etypeId":2,"traits":[{"code":22,"dataId":1,"value":0}],"iconIndex":144,"name":"ウッドバングル","note":"","params":[0,0,0,2,0,3,0,0],"price":300},
{"id":40,"atypeId":2,"description":"【魔法装備】守護の魔法がかけられた腕輪。","etypeId":2,"traits":[{"code":22,"dataId":1,"value":0}],"iconIndex":144,"name":"ブロンズバングル","note":"","params":[0,0,0,5,0,6,0,0],"price":650},
{"id":41,"atypeId":2,"description":"【魔法装備】守護の魔法がかけられた腕輪。","etypeId":2,"traits":[{"code":22,"dataId":1,"value":0}],"iconIndex":144,"name":"アイアンバングル","note":"","params":[0,0,0,10,0,9,0,0],"price":1280},
{"id":42,"atypeId":2,"description":"【魔法装備】守護の魔法がかけられた腕輪。","etypeId":2,"traits":[{"code":22,"dataId":1,"value":0}],"iconIndex":144,"name":"ミスリルバングル","note":"","params":[0,0,0,16,0,12,0,0],"price":2680},
{"id":43,"atypeId":2,"description":"【魔法装備】守護の魔法がかけられた腕輪。","etypeId":2,"traits":[{"code":22,"dataId":1,"value":0}],"iconIndex":144,"name":"ドラゴンバングル","note":"","params":[0,0,0,23,0,15,0,0],"price":4860},
{"id":44,"atypeId":0,"description":"","etypeId":2,"traits":[{"code":22,"dataId":1,"value":0}],"iconIndex":0,"name":"","note":"","params":[0,0,0,0,0,0,0,0],"price":0},
{"id":45,"atypeId":1,"description":"","etypeId":4,"traits":[{"code":22,"dataId":1,"value":0}],"iconIndex":135,"name":"-----兜系","note":"","params":[0,0,0,1,0,0,0,0],"price":100},
{"id":46,"atypeId":1,"description":"【一般装備】額を守る布製のハチマキ。","etypeId":3,"traits":[{"code":22,"dataId":1,"value":0}],"iconIndex":150,"name":"バンダナ","note":"","params":[0,0,0,1,0,0,0,0],"price":50},
{"id":47,"atypeId":1,"description":"【一般装備】額を守る皮製のハチマキ。","etypeId":3,"traits":[{"code":22,"dataId":1,"value":0}],"iconIndex":150,"name":"レザーバンダナ","note":"","params":[0,0,0,4,0,0,0,0],"price":120},
{"id":48,"atypeId":1,"description":"【一般装備】皮で作られた帽子。","etypeId":3,"traits":[{"code":22,"dataId":1,"value":0}],"iconIndex":130,"name":"皮の帽子","note":"","params":[0,0,0,8,0,0,0,0],"price":480},
{"id":49,"atypeId":1,"description":"【一般装備】重ねて巻きつけて頭を守る厚手の布。","etypeId":3,"traits":[{"code":22,"dataId":1,"value":0}],"iconIndex":130,"name":"ターバン","note":"","params":[0,0,0,12,0,0,0,0],"price":980},
{"id":50,"atypeId":1,"description":"【一般装備】鳥の羽がついたオシャレな帽子。","etypeId":3,"traits":[{"code":22,"dataId":1,"value":0}],"iconIndex":130,"name":"羽根付き帽子","note":"","params":[0,0,0,16,0,0,0,0],"price":1890},
{"id":51,"atypeId":0,"description":"","etypeId":2,"traits":[{"code":22,"dataId":1,"value":0}],"iconIndex":0,"name":"","note":"","params":[0,0,0,0,0,0,0,0],"price":0},
{"id":52,"atypeId":3,"description":"【軽装備】なめし皮で作られた帽子。","etypeId":3,"traits":[{"code":22,"dataId":1,"value":0}],"iconIndex":130,"name":"レザーキャップ","note":"","params":[0,0,0,3,0,0,0,0],"price":100},
{"id":53,"atypeId":3,"description":"【軽装備】木で作られた軽量のヘルメット。","etypeId":3,"traits":[{"code":22,"dataId":1,"value":0}],"iconIndex":130,"name":"ウッドキャップ","note":"","params":[0,0,0,7,0,0,0,0],"price":300},
{"id":54,"atypeId":3,"description":"【軽装備】銅板で強化された軽量のヘルメット。","etypeId":3,"traits":[{"code":22,"dataId":1,"value":0}],"iconIndex":130,"name":"ブロンズキャップ","note":"","params":[0,0,0,12,0,0,0,0],"price":720},
{"id":55,"atypeId":3,"description":"【軽装備】鉄板で強化された軽量のヘルメット。","etypeId":3,"traits":[{"code":22,"dataId":1,"value":0}],"iconIndex":130,"name":"アイアンキャップ","note":"","params":[0,0,0,18,0,0,0,0],"price":1680},
{"id":56,"atypeId":3,"description":"【軽装備】ミスリルで強化された軽量のヘルメット。","etypeId":3,"traits":[{"code":22,"dataId":1,"value":0}],"iconIndex":130,"name":"ミスリルキャップ","note":"","params":[0,0,0,24,0,0,0,0],"price":3250},
{"id":57,"atypeId":3,"description":"【軽装備】ドラゴンの鱗で強化された軽量のヘルメット。","etypeId":3,"traits":[{"code":22,"dataId":1,"value":0}],"iconIndex":130,"name":"ドラゴンキャップ","note":"","params":[0,0,0,30,0,0,0,0],"price":5480},
{"id":58,"atypeId":0,"description":"","etypeId":2,"traits":[{"code":22,"dataId":1,"value":0}],"iconIndex":0,"name":"","note":"","params":[0,0,0,0,0,0,0,0],"price":0},
{"id":59,"atypeId":4,"description":"【重装備】細かい鎖を編んで作られた頭巾。","etypeId":3,"traits":[{"code":22,"dataId":1,"value":0}],"iconIndex":132,"name":"チェインコイフ","note":"","params":[0,0,0,5,0,0,0,0],"price":250},
{"id":60,"atypeId":4,"description":"【重装備】厚い青銅の板で作られた兜。","etypeId":3,"traits":[{"code":22,"dataId":1,"value":0}],"iconIndex":132,"name":"ブロンズヘルム","note":"","params":[0,0,0,12,0,0,0,0],"price":750},
{"id":61,"atypeId":4,"description":"【重装備】厚い鋼鉄の板で作られた兜。","etypeId":3,"traits":[{"code":22,"dataId":1,"value":0}],"iconIndex":132,"name":"アイアンヘルム","note":"","params":[0,0,0,20,0,0,0,0],"price":1580},
{"id":62,"atypeId":4,"description":"【重装備】ミスリルで作られた兜。","etypeId":3,"traits":[{"code":22,"dataId":1,"value":0}],"iconIndex":132,"name":"ミスリルヘルム","note":"","params":[0,0,0,28,0,0,0,0],"price":3480},
{"id":63,"atypeId":4,"description":"【重装備】ドラゴンの鱗で作られた兜。","etypeId":3,"traits":[{"code":22,"dataId":1,"value":0}],"iconIndex":132,"name":"ドラゴンヘルム","note":"","params":[0,0,0,34,0,0,0,0],"price":6780},
{"id":64,"atypeId":0,"description":"","etypeId":2,"traits":[{"code":22,"dataId":1,"value":0}],"iconIndex":0,"name":"","note":"","params":[0,0,0,0,0,0,0,0],"price":0},
{"id":65,"atypeId":2,"description":"【魔法装備】なめし皮で作られたつばの広い三角の帽子。","etypeId":3,"traits":[{"code":22,"dataId":1,"value":0}],"iconIndex":133,"name":"とんがり帽子","note":"","params":[0,0,0,2,0,5,0,0],"price":100},
{"id":66,"atypeId":2,"description":"【魔法装備】守護の魔法がかけられた簡素な冠。","etypeId":3,"traits":[{"code":22,"dataId":1,"value":0}],"iconIndex":133,"name":"サークレット","note":"","params":[0,0,0,5,0,10,0,0],"price":360},
{"id":67,"atypeId":2,"description":"【魔法装備】守護の魔法がかけられた銀細工の冠。","etypeId":3,"traits":[{"code":22,"dataId":1,"value":0}],"iconIndex":133,"name":"シルバーサークレット","note":"","params":[0,0,0,8,0,15,0,0],"price":980},
{"id":68,"atypeId":2,"description":"【魔法装備】守護の魔法がかけられた純金の冠。","etypeId":3,"traits":[{"code":22,"dataId":1,"value":0}],"iconIndex":133,"name":"ゴールドサークレット","note":"","params":[0,0,0,16,0,25,0,0],"price":1980},
{"id":69,"atypeId":2,"description":"【魔法装備】守護の魔法がかけられたミスリルの冠。","etypeId":3,"traits":[{"code":22,"dataId":1,"value":0}],"iconIndex":133,"name":"ミスリルサークレット","note":"","params":[0,0,0,20,0,30,0,0],"price":3680},
{"id":70,"atypeId":2,"description":"【魔法装備】守護の魔法がかけられた賢者の冠。","etypeId":3,"traits":[{"code":22,"dataId":1,"value":0}],"iconIndex":133,"name":"マスターサークレット","note":"","params":[0,0,0,25,0,36,0,0],"price":5860},
{"id":71,"atypeId":0,"description":"","etypeId":2,"traits":[{"code":22,"dataId":1,"value":0}],"iconIndex":0,"name":"","note":"","params":[0,0,0,0,0,0,0,0],"price":0},
{"id":72,"atypeId":1,"description":"","etypeId":4,"traits":[{"code":22,"dataId":1,"value":0}],"iconIndex":135,"name":"-----装飾品系","note":"","params":[0,0,0,1,0,0,0,0],"price":100},
{"id":73,"atypeId":1,"description":"【装飾品】防御力を高めてくれるお守り。","etypeId":5,"traits":[{"code":22,"dataId":1,"value":0}],"iconIndex":147,"name":"ガードストーン","note":"","params":[0,0,0,5,0,5,0,0],"price":500},
{"id":74,"atypeId":1,"description":"【装飾品】防御力を高めてくれる指輪。","etypeId":5,"traits":[{"code":22,"dataId":1,"value":0}],"iconIndex":145,"name":"ガードリング","note":"","params":[0,0,0,10,0,10,0,0],"price":1000},
{"id":75,"atypeId":1,"description":"【装飾品】攻撃力を高めてくれるお守り。","etypeId":5,"traits":[{"code":22,"dataId":1,"value":0}],"iconIndex":147,"name":"パワーストーン","note":"","params":[0,0,5,0,5,0,0,0],"price":500},
{"id":76,"atypeId":1,"description":"【装飾品】攻撃力を高めてくれる指輪。","etypeId":5,"traits":[{"code":22,"dataId":1,"value":0}],"iconIndex":145,"name":"パワーリング","note":"","params":[0,0,5,0,10,0,0,0],"price":1000},
{"id":77,"atypeId":1,"description":"【装飾品】敏捷性を高めてくれるお守り。","etypeId":5,"traits":[{"code":22,"dataId":1,"value":0}],"iconIndex":147,"name":"スピードストーン","note":"","params":[0,0,0,0,0,0,5,0],"price":500},
{"id":78,"atypeId":1,"description":"【装飾品】敏捷性を高めてくれる指輪。","etypeId":5,"traits":[{"code":22,"dataId":1,"value":0}],"iconIndex":145,"name":"スピードリング","note":"","params":[0,0,0,0,0,0,5,0],"price":1000},
{"id":79,"atypeId":1,"description":"【装飾品】運を高めてくれるお守り。","etypeId":5,"traits":[{"code":22,"dataId":1,"value":0}],"iconIndex":147,"name":"ラッキーストーン","note":"","params":[0,0,0,0,0,0,0,5],"price":500},
{"id":80,"atypeId":1,"description":"【装飾品】運を高めてくれる指輪。","etypeId":5,"traits":[{"code":22,"dataId":1,"value":0}],"iconIndex":145,"name":"ラッキーリング","note":"","params":[0,0,0,0,0,0,0,10],"price":1000},
{"id":81,"atypeId":1,"description":"【装飾品】魔法力を高めてくれるお守り。","etypeId":5,"traits":[{"code":22,"dataId":1,"value":0}],"iconIndex":147,"name":"マジカルストーン","note":"","params":[0,0,0,0,5,5,0,0],"price":500},
{"id":82,"atypeId":1,"description":"【装飾品】魔法力を高めてくれる指輪。","etypeId":5,"traits":[{"code":22,"dataId":1,"value":0}],"iconIndex":145,"name":"マジカルリング","note":"","params":[0,0,0,0,10,10,0,0],"price":1000},
{"id":83,"atypeId":1,"description":"【装飾品】攻撃の命中率を高めてくれるお守り。","etypeId":5,"traits":[{"code":22,"dataId":1,"value":0},{"code":22,"dataId":0,"value":1.5}],"iconIndex":147,"name":"シューターストーン","note":"","params":[0,0,0,0,0,0,0,0],"price":500},
{"id":84,"atypeId":1,"description":"【装飾品】攻撃の命中率を高めてくれるお守り。","etypeId":5,"traits":[{"code":22,"dataId":1,"value":0},{"code":22,"dataId":0,"value":2}],"iconIndex":145,"name":"シューターリング","note":"","params":[0,0,0,0,0,0,0,0],"price":100},
{"id":85,"atypeId":1,"description":"【装飾品】MPの消費を20％抑えてくれるお守り。","etypeId":5,"traits":[{"code":22,"dataId":1,"value":0},{"code":23,"dataId":4,"value":0.8}],"iconIndex":147,"name":"マスターストーン","note":"","params":[0,0,0,0,0,0,0,0],"price":500},
{"id":86,"atypeId":1,"description":"【装飾品】MPの消費を50％抑えてくれる指輪。","etypeId":5,"traits":[{"code":22,"dataId":1,"value":0},{"code":23,"dataId":4,"value":0.5}],"iconIndex":145,"name":"マスターリング","note":"","params":[0,0,0,0,0,0,0,0],"price":1000},
{"id":87,"atypeId":0,"description":"","etypeId":2,"traits":[{"code":22,"dataId":1,"value":0}],"iconIndex":0,"name":"","note":"","params":[0,0,0,0,0,0,0,0],"price":0},
{"id":88,"atypeId":1,"description":"【装飾品】毒・麻痺に、かかりにくくなる指輪。","etypeId":5,"traits":[{"code":22,"dataId":1,"value":0},{"code":13,"dataId":4,"value":0.6},{"code":13,"dataId":12,"value":0.6},{"code":13,"dataId":17,"value":0.6}],"iconIndex":145,"name":"ポイズンガード","note":"","params":[0,0,0,1,0,0,0,0],"price":300},
{"id":89,"atypeId":1,"description":"【装飾品】毒・麻痺を完全に防ぐ指輪。","etypeId":5,"traits":[{"code":22,"dataId":1,"value":0},{"code":14,"dataId":4,"value":1},{"code":14,"dataId":12,"value":1},{"code":14,"dataId":17,"value":1}],"iconIndex":145,"name":"ポイズンガードＳ","note":"","params":[0,0,0,5,0,0,0,0],"price":3000},
{"id":90,"atypeId":0,"description":"","etypeId":2,"traits":[{"code":22,"dataId":1,"value":0}],"iconIndex":0,"name":"","note":"","params":[0,0,0,0,0,0,0,0],"price":0},
{"id":91,"atypeId":1,"description":"【装飾品】睡眠・沈黙・混乱・魅了・激昂に\nかかりにくくなる指輪。","etypeId":5,"traits":[{"code":22,"dataId":1,"value":0},{"code":13,"dataId":6,"value":0.6},{"code":13,"dataId":7,"value":0.6},{"code":13,"dataId":9,"value":0.6},{"code":13,"dataId":10,"value":0.6},{"code":13,"dataId":8,"value":0.6}],"iconIndex":145,"name":"メンタルガード","note":"","params":[0,0,0,1,0,0,0,0],"price":500},
{"id":92,"atypeId":1,"description":"【装飾品】睡眠・沈黙・混乱・魅了・激昂を\n完全に防ぐ指輪。","etypeId":5,"traits":[{"code":22,"dataId":1,"value":0},{"code":14,"dataId":6,"value":1},{"code":14,"dataId":8,"value":1},{"code":14,"dataId":7,"value":1},{"code":14,"dataId":9,"value":1},{"code":14,"dataId":10,"value":1}],"iconIndex":145,"name":"メンタルガードＳ","note":"","params":[0,0,0,1,0,0,0,0],"price":5000},
{"id":93,"atypeId":0,"description":"","etypeId":2,"traits":[{"code":22,"dataId":1,"value":0}],"iconIndex":0,"name":"","note":"","params":[0,0,0,0,0,0,0,0],"price":0},
{"id":94,"atypeId":1,"description":"【装飾品】先制攻撃を行える確率を上げる装飾品。","etypeId":5,"traits":[{"code":22,"dataId":1,"value":0},{"code":64,"dataId":3,"value":1}],"iconIndex":147,"name":"エネミーレーダー","note":"","params":[0,0,0,0,0,0,0,0],"price":1000},
{"id":95,"atypeId":1,"description":"【装飾品】不意打ち攻撃を受けなくなる装飾品。","etypeId":5,"traits":[{"code":22,"dataId":1,"value":0},{"code":64,"dataId":2,"value":1}],"iconIndex":205,"name":"ワーニングベル","note":"","params":[0,0,0,0,0,0,0,0],"price":1000},
{"id":96,"atypeId":1,"description":"【装飾品】ＴＰを次の戦闘に持ち越す装飾品。","etypeId":5,"traits":[{"code":22,"dataId":1,"value":0},{"code":62,"dataId":3,"value":1}],"iconIndex":144,"name":"ＴＰストッカー","note":"","params":[0,0,0,0,0,0,0,0],"price":1000},
{"id":97,"atypeId":1,"description":"【装飾品】ＴＰのチャージ率が上がる指輪。","etypeId":5,"traits":[{"code":22,"dataId":1,"value":0},{"code":23,"dataId":5,"value":2}],"iconIndex":145,"name":"ガッツリング","note":"","params":[0,0,0,0,0,0,0,0],"price":1000},
{"id":98,"atypeId":1,"description":"【装飾品】ＭＰの消費率を下げる腕輪。","etypeId":5,"traits":[{"code":22,"dataId":1,"value":0},{"code":23,"dataId":4,"value":0.5}],"iconIndex":144,"name":"ＭＰキーパー","note":"","params":[0,0,0,0,0,0,0,0],"price":1000},
{"id":99,"atypeId":1,"description":"【装飾品】四大精霊の加護のもと\n火、水、風、土属性攻撃で受けるダメージを半減する。","etypeId":5,"traits":[{"code":22,"dataId":1,"value":0},{"code":11,"dataId":2,"value":0.5},{"code":11,"dataId":5,"value":0.5},{"code":11,"dataId":6,"value":0.5},{"code":11,"dataId":7,"value":0.5}],"iconIndex":145,"name":"エレメンタルガード","note":"","params":[0,0,0,0,0,0,0,0],"price":1000},
{"id":100,"atypeId":1,"description":"【装飾品】命中率を上げる装飾品。","etypeId":5,"traits":[{"code":22,"dataId":1,"value":0},{"code":22,"dataId":0,"value":0.5}],"iconIndex":151,"name":"スペクタクル","note":"","params":[0,0,0,0,0,0,0,0],"price":500},
{"id":101,"atypeId":0,"description":"","etypeId":2,"traits":[{"code":22,"dataId":1,"value":0}],"iconIndex":0,"name":"","note":"","params":[0,0,0,0,0,0,0,0],"price":0},
{"id":102,"atypeId":0,"description":"","etypeId":2,"traits":[{"code":22,"dataId":1,"value":0}],"iconIndex":0,"name":"","note":"","params":[0,0,0,0,0,0,0,0],"price":0},
{"id":103,"atypeId":0,"description":"","etypeId":2,"traits":[{"code":22,"dataId":1,"value":0}],"iconIndex":0,"name":"","note":"","params":[0,0,0,0,0,0,0,0],"price":0},
{"id":104,"atypeId":0,"description":"","etypeId":2,"traits":[{"code":22,"dataId":1,"value":0}],"iconIndex":0,"name":"","note":"","params":[0,0,0,0,0,0,0,0],"price":0},
{"id":105,"atypeId":0,"description":"","etypeId":2,"traits":[{"code":22,"dataId":1,"value":0}],"iconIndex":0,"name":"","note":"","params":[0,0,0,0,0,0,0,0],"price":0},
{"id":106,"atypeId":0,"description":"","etypeId":2,"traits":[{"code":22,"dataId":1,"value":0}],"iconIndex":0,"name":"","note":"","params":[0,0,0,0,0,0,0,0],"price":0},
{"id":107,"atypeId":0,"description":"","etypeId":2,"traits":[{"code":22,"dataId":1,"value":0}],"iconIndex":0,"name":"","note":"","params":[0,0,0,0,0,0,0,0],"price":0},
{"id":108,"atypeId":0,"description":"","etypeId":2,"traits":[{"code":22,"dataId":1,"value":0}],"iconIndex":0,"name":"","note":"","params":[0,0,0,0,0,0,0,0],"price":0},
{"id":109,"atypeId":0,"description":"","etypeId":2,"traits":[{"code":22,"dataId":1,"value":0}],"iconIndex":0,"name":"","note":"","params":[0,0,0,0,0,0,0,0],"price":0},
{"id":110,"atypeId":0,"description":"","etypeId":2,"traits":[{"code":22,"dataId":1,"value":0}],"iconIndex":0,"name":"","note":"","params":[0,0,0,0,0,0,0,0],"price":0},
{"id":111,"atypeId":0,"description":"","etypeId":2,"traits":[{"code":22,"dataId":1,"value":0}],"iconIndex":0,"name":"","note":"","params":[0,0,0,0,0,0,0,0],"price":0},
{"id":112,"atypeId":0,"description":"","etypeId":2,"traits":[{"code":22,"dataId":1,"value":0}],"iconIndex":0,"name":"","note":"","params":[0,0,0,0,0,0,0,0],"price":0},
{"id":113,"atypeId":0,"description":"","etypeId":2,"traits":[{"code":22,"dataId":1,"value":0}],"iconIndex":0,"name":"","note":"","params":[0,0,0,0,0,0,0,0],"price":0},
{"id":114,"atypeId":0,"description":"","etypeId":2,"traits":[{"code":22,"dataId":1,"value":0}],"iconIndex":0,"name":"","note":"","params":[0,0,0,0,0,0,0,0],"price":0},
{"id":115,"atypeId":0,"description":"","etypeId":2,"traits":[{"code":22,"dataId":1,"value":0}],"iconIndex":0,"name":"","note":"","params":[0,0,0,0,0,0,0,0],"price":0},
{"id":116,"atypeId":0,"description":"","etypeId":2,"traits":[{"code":22,"dataId":1,"value":0}],"iconIndex":0,"name":"","note":"","params":[0,0,0,0,0,0,0,0],"price":0},
{"id":117,"atypeId":0,"description":"","etypeId":2,"traits":[{"code":22,"dataId":1,"value":0}],"iconIndex":0,"name":"","note":"","params":[0,0,0,0,0,0,0,0],"price":0},
{"id":118,"atypeId":0,"description":"","etypeId":2,"traits":[{"code":22,"dataId":1,"value":0}],"iconIndex":0,"name":"","note":"","params":[0,0,0,0,0,0,0,0],"price":0},
{"id":119,"atypeId":0,"description":"","etypeId":2,"traits":[{"code":22,"dataId":1,"value":0}],"iconIndex":0,"name":"","note":"","params":[0,0,0,0,0,0,0,0],"price":0},
{"id":120,"atypeId":0,"description":"","etypeId":2,"traits":[{"code":22,"dataId":1,"value":0}],"iconIndex":0,"name":"","note":"","params":[0,0,0,0,0,0,0,0],"price":0},
{"id":121,"atypeId":4,"description":"","etypeId":2,"traits":[{"code":22,"dataId":1,"value":0}],"iconIndex":0,"name":"アレンの防具","note":"","params":[0,0,0,0,0,0,0,0],"price":0},
{"id":122,"atypeId":4,"description":"青銅でできた、安価な量産型の鎧。\n防御力 + 5 魔法防御 + 5","etypeId":2,"traits":[{"code":22,"dataId":1,"value":0}],"iconIndex":137,"name":"青銅の鎧","note":"","params":[0,0,0,5,0,5,0,0],"price":80},
{"id":123,"atypeId":4,"description":"鉄でできた、少しのダメージではびくともしない鎧。\n防御力 + 12 魔法防御 + 10","etypeId":2,"traits":[{"code":22,"dataId":1,"value":0}],"iconIndex":137,"name":"鉄の鎧","note":"","params":[0,0,0,12,0,10,0,0],"price":390},
{"id":124,"atypeId":0,"description":"","etypeId":2,"traits":[{"code":22,"dataId":1,"value":0}],"iconIndex":0,"name":"","note":"","params":[0,0,0,0,0,0,0,0],"price":0},
{"id":125,"atypeId":2,"description":"","etypeId":2,"traits":[{"code":22,"dataId":1,"value":0}],"iconIndex":0,"name":"セシリィの防具","note":"","params":[0,0,0,0,0,0,0,0],"price":0},
{"id":126,"atypeId":2,"description":"魔力を込めた生地でできたローブ。\n防御力 + 5 魔法防御 + 5","etypeId":2,"traits":[{"code":22,"dataId":1,"value":0}],"iconIndex":138,"name":"魔法のローブ","note":"","params":[0,0,0,5,0,5,0,0],"price":80},
{"id":127,"atypeId":2,"description":"神秘的な魔法陣が刻まれたローブ\n防御力 + 10 魔法防御 + 12","etypeId":2,"traits":[{"code":22,"dataId":1,"value":0}],"iconIndex":138,"name":"神秘のローブ","note":"","params":[0,0,0,10,0,12,0,0],"price":340},
{"id":128,"atypeId":0,"description":"","etypeId":2,"traits":[{"code":22,"dataId":1,"value":0}],"iconIndex":0,"name":"","note":"","params":[0,0,0,0,0,0,0,0],"price":0},
{"id":129,"atypeId":1,"description":"","etypeId":3,"traits":[{"code":22,"dataId":1,"value":0}],"iconIndex":0,"name":"アクセサリー","note":"","params":[0,0,0,0,0,0,0,0],"price":0},
{"id":130,"atypeId":1,"description":"身に着けることで、筋力が増強される腕輪。\n攻撃力 + 10","etypeId":3,"traits":[{"code":22,"dataId":1,"value":0}],"iconIndex":144,"name":"パワーリスト","note":"","params":[0,0,10,0,0,0,0,0],"price":480},
{"id":131,"atypeId":1,"description":"所持者の魔力を増強させるオーブ\n魔法力 + 10","etypeId":3,"traits":[{"code":22,"dataId":1,"value":0}],"iconIndex":307,"name":"マジックオーブ","note":"","params":[0,0,0,0,10,0,0,0],"price":500},
{"id":132,"atypeId":1,"description":"妖精が飛び回るような身軽さがつけられるらしい。\n回避率 + 10%","etypeId":3,"traits":[{"code":22,"dataId":1,"value":0.1}],"iconIndex":141,"name":"妖精の靴","note":"","params":[0,0,0,0,0,0,0,0],"price":450},
{"id":133,"atypeId":1,"description":"炎の力を遮断する魔法を組み込んだ護符。\n炎属性ダメージ*80%","etypeId":3,"traits":[{"code":11,"dataId":2,"value":0.8}],"iconIndex":64,"name":"炎の護符","note":"","params":[0,0,0,0,0,0,0,0],"price":700},
{"id":134,"atypeId":0,"description":"","etypeId":2,"traits":[{"code":22,"dataId":1,"value":0}],"iconIndex":0,"name":"","note":"","params":[0,0,0,0,0,0,0,0],"price":0},
{"id":135,"atypeId":0,"description":"","etypeId":2,"traits":[{"code":22,"dataId":1,"value":0}],"iconIndex":0,"name":"","note":"","params":[0,0,0,0,0,0,0,0],"price":0},
{"id":136,"atypeId":0,"description":"","etypeId":2,"traits":[{"code":22,"dataId":1,"value":0}],"iconIndex":0,"name":"","note":"","params":[0,0,0,0,0,0,0,0],"price":0},
{"id":137,"atypeId":0,"description":"","etypeId":2,"traits":[{"code":22,"dataId":1,"value":0}],"iconIndex":0,"name":"","note":"","params":[0,0,0,0,0,0,0,0],"price":0},
{"id":138,"atypeId":0,"description":"","etypeId":2,"traits":[{"code":22,"dataId":1,"value":0}],"iconIndex":0,"name":"","note":"","params":[0,0,0,0,0,0,0,0],"price":0},
{"id":139,"atypeId":0,"description":"","etypeId":2,"traits":[{"code":22,"dataId":1,"value":0}],"iconIndex":0,"name":"","note":"","params":[0,0,0,0,0,0,0,0],"price":0},
{"id":140,"atypeId":0,"description":"","etypeId":2,"traits":[{"code":22,"dataId":1,"value":0}],"iconIndex":0,"name":"","note":"","params":[0,0,0,0,0,0,0,0],"price":0}
]