[
null,
{"id":1,"expanded":false,"name":"テスト歩行","order":1,"parentId":0,"scrollX":411.55555555555554,"scrollY":320.8888888888889},
{"id":2,"expanded":false,"name":"プロローグ","order":2,"parentId":0,"scrollX":651,"scrollY":363.5},
{"id":3,"expanded":true,"name":"森の村","order":3,"parentId":0,"scrollX":848,"scrollY":560.5},
{"id":4,"expanded":false,"name":"ドラゴン出現エリア","order":4,"parentId":3,"scrollX":1420,"scrollY":994.5},
{"id":5,"expanded":false,"name":"村から街への道","order":5,"parentId":0,"scrollX":2840,"scrollY":2422.5},
{"id":6,"expanded":true,"name":"大きな街","order":6,"parentId":0,"scrollX":1814,"scrollY":1316.5},
{"id":7,"expanded":false,"name":"ハンターギルド","order":7,"parentId":6,"scrollX":651,"scrollY":396.5},
{"id":8,"expanded":false,"name":"エンディング","order":8,"parentId":0,"scrollX":651,"scrollY":363.5}
]