[
null,
{"id":1,"autoRemovalTiming":0,"chanceByDamage":100,"iconIndex":1,"maxTurns":1,"message1":"%1は倒れた！","message2":"%1を倒した！","message3":"","message4":"%1は立ち上がった！","minTurns":1,"motion":3,"name":"戦闘不能","note":"ステート1番はHP0のときに付加されます。","overlay":0,"priority":100,"releaseByDamage":false,"removeAtBattleEnd":false,"removeByDamage":false,"removeByRestriction":false,"removeByWalking":false,"restriction":4,"stepsToRemove":100,"traits":[{"code":23,"dataId":9,"value":0}],"messageType":1},
{"id":2,"autoRemovalTiming":2,"chanceByDamage":100,"iconIndex":0,"maxTurns":1,"message1":"","message2":"","message3":"","message4":"","minTurns":1,"motion":0,"name":"防御","note":"","overlay":0,"priority":0,"removeAtBattleEnd":true,"removeByDamage":false,"removeByRestriction":true,"removeByWalking":false,"restriction":0,"stepsToRemove":100,"traits":[{"code":62,"dataId":1,"value":0}],"messageType":1},
{"id":3,"autoRemovalTiming":0,"chanceByDamage":100,"iconIndex":0,"maxTurns":1,"message1":"","message2":"","message3":"","message4":"","minTurns":1,"motion":0,"name":"不死身","note":"","overlay":0,"priority":0,"removeAtBattleEnd":true,"removeByDamage":false,"removeByRestriction":false,"removeByWalking":false,"restriction":0,"stepsToRemove":100,"traits":[{"code":14,"dataId":1,"value":0}],"messageType":1},
{"id":4,"autoRemovalTiming":0,"chanceByDamage":100,"iconIndex":2,"maxTurns":1,"message1":"%1は毒にかかった！","message2":"%1に毒をかけた！","message3":"","message4":"%1の毒が消えた！","minTurns":1,"motion":1,"overlay":1,"name":"毒","note":"","priority":50,"releaseByDamage":false,"removeAtBattleEnd":false,"removeByDamage":false,"removeByRestriction":false,"removeByWalking":false,"restriction":0,"stepsToRemove":100,"traits":[{"code":22,"dataId":7,"value":-0.1}],"messageType":1},
{"id":5,"autoRemovalTiming":1,"chanceByDamage":100,"iconIndex":3,"maxTurns":5,"message1":"%1は暗闇に閉ざされた！","message2":"%1を暗闇に閉ざした！","message3":"","message4":"%1の暗闇が消えた！","minTurns":3,"motion":1,"name":"暗闇","note":"","overlay":2,"priority":60,"releaseByDamage":false,"removeAtBattleEnd":true,"removeByDamage":false,"removeByRestriction":false,"removeByWalking":false,"restriction":0,"stepsToRemove":100,"traits":[{"code":22,"dataId":0,"value":-0.5}],"messageType":1},
{"id":6,"autoRemovalTiming":1,"chanceByDamage":100,"iconIndex":4,"maxTurns":5,"message1":"%1は沈黙した！","message2":"%1を沈黙させた！","message3":"","message4":"%1の沈黙が解けた！","minTurns":3,"motion":1,"name":"沈黙","note":"","overlay":3,"priority":65,"releaseByDamage":false,"removeAtBattleEnd":true,"removeByDamage":false,"removeByRestriction":false,"removeByWalking":false,"restriction":0,"stepsToRemove":100,"traits":[{"code":42,"dataId":1,"value":0}],"messageType":1},
{"id":7,"autoRemovalTiming":1,"chanceByDamage":50,"iconIndex":5,"maxTurns":4,"message1":"%1は激昂した！","message2":"%1を激昂させた！","message3":"","message4":"%1は我に返った！","minTurns":2,"motion":1,"name":"激昂","note":"","overlay":4,"priority":70,"releaseByDamage":false,"removeAtBattleEnd":true,"removeByDamage":true,"removeByRestriction":false,"removeByWalking":false,"restriction":1,"stepsToRemove":100,"traits":[],"messageType":1},
{"id":8,"autoRemovalTiming":1,"chanceByDamage":50,"iconIndex":6,"maxTurns":4,"message1":"%1は混乱した！","message2":"%1を混乱させた！","message3":"","message4":"%1は我に返った！","minTurns":2,"motion":1,"name":"混乱","note":"","overlay":5,"priority":75,"releaseByDamage":false,"removeAtBattleEnd":true,"removeByDamage":true,"removeByRestriction":false,"removeByWalking":false,"restriction":2,"stepsToRemove":100,"traits":[],"messageType":1},
{"id":9,"autoRemovalTiming":1,"chanceByDamage":50,"iconIndex":7,"maxTurns":4,"message1":"%1は魅了された！","message2":"%1を魅了した！","message3":"","message4":"%1は我に返った！","minTurns":2,"motion":1,"name":"魅了","note":"","overlay":6,"priority":80,"releaseByDamage":false,"removeAtBattleEnd":true,"removeByDamage":true,"removeByRestriction":false,"removeByWalking":false,"restriction":3,"stepsToRemove":100,"traits":[],"messageType":1},
{"id":10,"autoRemovalTiming":1,"chanceByDamage":100,"iconIndex":8,"maxTurns":5,"message1":"%1は眠った！","message2":"%1を眠らせた！","message3":"%1は眠っている。","message4":"%1は目を覚ました！","minTurns":3,"motion":2,"name":"睡眠","note":"","overlay":7,"priority":90,"releaseByDamage":true,"removeAtBattleEnd":true,"removeByDamage":true,"removeByRestriction":false,"removeByWalking":false,"restriction":4,"stepsToRemove":100,"traits":[{"code":22,"dataId":1,"value":-1}],"messageType":1},
{"id":11,"autoRemovalTiming":0,"chanceByDamage":100,"traits":[],"iconIndex":0,"maxTurns":1,"message1":"","message2":"","message3":"","message4":"","minTurns":1,"motion":0,"name":"","note":"","overlay":0,"priority":50,"removeAtBattleEnd":false,"removeByDamage":false,"removeByRestriction":false,"removeByWalking":false,"restriction":0,"stepsToRemove":100,"messageType":1},
{"id":12,"autoRemovalTiming":2,"chanceByDamage":100,"traits":[{"code":22,"dataId":1,"value":-1}],"iconIndex":9,"maxTurns":3,"message1":"%1はしびれて動けなくなった！","message2":"%1を麻痺させた！","message3":"%1は体がしびれて動けない！","message4":"%1の麻痺が解けた！","minTurns":3,"motion":2,"name":"麻痺","note":"","overlay":8,"priority":95,"removeAtBattleEnd":true,"removeByDamage":false,"removeByRestriction":false,"removeByWalking":false,"restriction":4,"stepsToRemove":100,"messageType":1},
{"id":13,"autoRemovalTiming":2,"chanceByDamage":100,"traits":[{"code":22,"dataId":1,"value":-1}],"iconIndex":9,"maxTurns":2,"message1":"%1はバランスを崩した！","message2":"%1はバランスを崩した！","message3":"%1はバランスを崩している……","message4":"%1は体勢を立て直した！","minTurns":1,"motion":1,"name":"スタン","note":"","overlay":10,"priority":90,"removeAtBattleEnd":true,"removeByDamage":false,"removeByRestriction":false,"removeByWalking":false,"restriction":4,"stepsToRemove":100,"messageType":1},
{"id":14,"autoRemovalTiming":0,"chanceByDamage":100,"traits":[],"iconIndex":0,"maxTurns":1,"message1":"","message2":"","message3":"","message4":"","minTurns":1,"motion":0,"name":"","note":"","overlay":0,"priority":50,"removeAtBattleEnd":false,"removeByDamage":false,"removeByRestriction":false,"removeByWalking":false,"restriction":0,"stepsToRemove":100,"messageType":1},
{"id":15,"autoRemovalTiming":2,"chanceByDamage":100,"traits":[{"code":22,"dataId":7,"value":0.1}],"iconIndex":72,"maxTurns":4,"message1":"","message2":"","message3":"","message4":"","minTurns":4,"motion":0,"name":"HP再生","note":"","overlay":0,"priority":40,"removeAtBattleEnd":true,"removeByDamage":false,"removeByRestriction":false,"removeByWalking":false,"restriction":0,"stepsToRemove":100,"messageType":1},
{"id":16,"autoRemovalTiming":2,"chanceByDamage":100,"traits":[{"code":22,"dataId":8,"value":0.1}],"iconIndex":72,"maxTurns":4,"message1":"","message2":"","message3":"","message4":"","minTurns":4,"motion":0,"name":"MP再生","note":"","overlay":0,"priority":40,"removeAtBattleEnd":true,"removeByDamage":false,"removeByRestriction":false,"removeByWalking":false,"restriction":0,"stepsToRemove":100,"messageType":1},
{"id":17,"autoRemovalTiming":2,"chanceByDamage":100,"traits":[{"code":22,"dataId":9,"value":0.1}],"iconIndex":72,"maxTurns":4,"message1":"","message2":"","message3":"","message4":"","minTurns":4,"motion":0,"name":"TP再生","note":"","overlay":0,"priority":40,"removeAtBattleEnd":true,"removeByDamage":false,"removeByRestriction":false,"removeByWalking":false,"restriction":0,"stepsToRemove":100,"messageType":1},
{"id":18,"autoRemovalTiming":2,"chanceByDamage":100,"traits":[{"code":22,"dataId":5,"value":1}],"iconIndex":70,"maxTurns":5,"message1":"","message2":"","message3":"","message4":"","minTurns":5,"motion":0,"name":"魔法反射","note":"","overlay":0,"priority":40,"removeAtBattleEnd":true,"removeByDamage":false,"removeByRestriction":false,"removeByWalking":false,"restriction":0,"stepsToRemove":100,"messageType":1},
{"id":19,"autoRemovalTiming":2,"chanceByDamage":100,"traits":[{"code":62,"dataId":2,"value":1}],"iconIndex":81,"maxTurns":1,"message1":"","message2":"","message3":"","message4":"","minTurns":1,"motion":0,"name":"かばう","note":"","overlay":0,"priority":40,"removeAtBattleEnd":true,"removeByDamage":false,"removeByRestriction":true,"removeByWalking":false,"restriction":0,"stepsToRemove":100,"messageType":1},
{"id":20,"autoRemovalTiming":2,"chanceByDamage":100,"traits":[{"code":23,"dataId":0,"value":9}],"iconIndex":76,"maxTurns":5,"message1":"%1は狙われやすくなった！","message2":"","message3":"","message4":"","minTurns":5,"motion":0,"name":"挑発","note":"","overlay":0,"priority":40,"removeAtBattleEnd":true,"removeByDamage":false,"removeByRestriction":false,"removeByWalking":false,"restriction":0,"stepsToRemove":100,"messageType":1},
{"id":21,"autoRemovalTiming":2,"chanceByDamage":100,"traits":[{"code":23,"dataId":0,"value":0}],"iconIndex":81,"maxTurns":5,"message1":"%1は狙われにくくなった！","message2":"","message3":"","message4":"","minTurns":5,"motion":0,"name":"隠れる","note":"","overlay":0,"priority":40,"removeAtBattleEnd":true,"removeByDamage":false,"removeByRestriction":false,"removeByWalking":false,"restriction":0,"stepsToRemove":100,"messageType":1},
{"id":22,"autoRemovalTiming":1,"chanceByDamage":100,"traits":[{"code":22,"dataId":6,"value":1}],"iconIndex":77,"maxTurns":3,"message1":"","message2":"","message3":"","message4":"","minTurns":3,"motion":0,"name":"反撃","note":"","overlay":0,"priority":50,"removeAtBattleEnd":true,"removeByDamage":false,"removeByRestriction":true,"removeByWalking":false,"restriction":0,"stepsToRemove":100,"messageType":1},
{"id":23,"autoRemovalTiming":2,"chanceByDamage":100,"traits":[{"code":14,"dataId":4,"value":1},{"code":14,"dataId":5,"value":1},{"code":14,"dataId":6,"value":1},{"code":14,"dataId":7,"value":1},{"code":14,"dataId":8,"value":1},{"code":14,"dataId":9,"value":1},{"code":14,"dataId":10,"value":1},{"code":14,"dataId":12,"value":1},{"code":14,"dataId":13,"value":1}],"iconIndex":70,"maxTurns":5,"message1":"","message2":"","message3":"","message4":"","minTurns":5,"motion":0,"name":"状態異常防止","note":"","overlay":0,"priority":50,"removeAtBattleEnd":true,"removeByDamage":false,"removeByRestriction":false,"removeByWalking":false,"restriction":0,"stepsToRemove":100,"messageType":1},
{"id":24,"autoRemovalTiming":2,"chanceByDamage":100,"traits":[{"code":23,"dataId":4,"value":0.25}],"iconIndex":70,"maxTurns":5,"message1":"","message2":"","message3":"","message4":"","minTurns":5,"motion":0,"name":"消費MP減","note":"","overlay":0,"priority":50,"removeAtBattleEnd":true,"removeByDamage":false,"removeByRestriction":false,"removeByWalking":false,"restriction":0,"stepsToRemove":100,"messageType":1},
{"id":25,"autoRemovalTiming":2,"chanceByDamage":100,"traits":[{"code":31,"dataId":2,"value":1},{"code":11,"dataId":2,"value":0.5},{"code":21,"dataId":2,"value":1.1}],"iconIndex":64,"maxTurns":5,"message1":"%1は炎の力を身にまとった。","message2":"%1は炎の力を身にまとった。","message3":"","message4":"","minTurns":5,"motion":0,"name":"炎の力","note":"","overlay":0,"priority":50,"removeAtBattleEnd":true,"removeByDamage":false,"removeByRestriction":false,"removeByWalking":false,"restriction":0,"stepsToRemove":100,"messageType":1},
{"id":26,"autoRemovalTiming":2,"chanceByDamage":100,"traits":[{"code":31,"dataId":3,"value":1},{"code":11,"dataId":3,"value":0.5},{"code":21,"dataId":2,"value":1.1}],"iconIndex":65,"maxTurns":5,"message1":"%1は氷の力を身にまとった。","message2":"%1は氷の力を身にまとった。","message3":"","message4":"","minTurns":5,"motion":0,"name":"氷の力","note":"","overlay":0,"priority":50,"removeAtBattleEnd":true,"removeByDamage":false,"removeByRestriction":false,"removeByWalking":false,"restriction":0,"stepsToRemove":100,"messageType":1},
{"id":27,"autoRemovalTiming":2,"chanceByDamage":100,"traits":[{"code":31,"dataId":4,"value":1},{"code":11,"dataId":4,"value":0.5},{"code":21,"dataId":2,"value":1.1}],"iconIndex":66,"maxTurns":5,"message1":"%1は雷の力を身にまとった。","message2":"%1は雷の力を身にまとった。","message3":"","message4":"","minTurns":5,"motion":0,"name":"雷の力","note":"","overlay":0,"priority":50,"removeAtBattleEnd":true,"removeByDamage":false,"removeByRestriction":false,"removeByWalking":false,"restriction":0,"stepsToRemove":100,"messageType":1},
{"id":28,"autoRemovalTiming":0,"chanceByDamage":100,"traits":[],"iconIndex":0,"maxTurns":1,"message1":"","message2":"","message3":"","message4":"","minTurns":1,"motion":0,"name":"","note":"","overlay":0,"priority":50,"removeAtBattleEnd":false,"removeByDamage":false,"removeByRestriction":false,"removeByWalking":false,"restriction":0,"stepsToRemove":100,"messageType":1},
{"id":29,"autoRemovalTiming":0,"chanceByDamage":100,"traits":[{"code":64,"dataId":0,"value":1}],"iconIndex":72,"maxTurns":1,"message1":"","message2":"","message3":"","message4":"","minTurns":1,"motion":0,"name":"エンカウント半減","note":"","overlay":0,"priority":20,"removeAtBattleEnd":false,"removeByDamage":false,"removeByRestriction":false,"removeByWalking":true,"restriction":0,"stepsToRemove":100,"messageType":1},
{"id":30,"autoRemovalTiming":0,"chanceByDamage":100,"traits":[{"code":64,"dataId":4,"value":1},{"code":64,"dataId":5,"value":1}],"iconIndex":70,"maxTurns":1,"message1":"","message2":"","message3":"","message4":"","minTurns":1,"motion":0,"name":"賞金・アイテム2倍","note":"","overlay":0,"priority":20,"removeAtBattleEnd":false,"removeByDamage":false,"removeByRestriction":false,"removeByWalking":true,"restriction":0,"stepsToRemove":100,"messageType":1},
{"id":31,"autoRemovalTiming":0,"chanceByDamage":100,"traits":[],"iconIndex":0,"maxTurns":1,"message1":"","message2":"","message3":"","message4":"","minTurns":1,"motion":0,"name":"","note":"","overlay":0,"priority":50,"removeAtBattleEnd":false,"removeByDamage":false,"removeByRestriction":false,"removeByWalking":false,"restriction":0,"stepsToRemove":100,"messageType":1},
{"id":32,"autoRemovalTiming":0,"chanceByDamage":100,"iconIndex":0,"maxTurns":1,"message1":"","message2":"","message3":"","message4":"","minTurns":1,"motion":0,"name":"不死身・戦闘テスト","note":"","overlay":0,"priority":0,"removeAtBattleEnd":true,"removeByDamage":false,"removeByRestriction":false,"removeByWalking":false,"restriction":0,"stepsToRemove":100,"traits":[{"code":14,"dataId":1,"value":0},{"code":23,"dataId":4,"value":0}],"messageType":1},
{"id":33,"autoRemovalTiming":0,"chanceByDamage":100,"traits":[],"iconIndex":0,"maxTurns":1,"message1":"","message2":"","message3":"","message4":"","minTurns":1,"motion":0,"name":"","note":"","overlay":0,"priority":50,"removeAtBattleEnd":false,"removeByDamage":false,"removeByRestriction":false,"removeByWalking":false,"restriction":0,"stepsToRemove":100,"messageType":1},
{"id":34,"autoRemovalTiming":0,"chanceByDamage":100,"traits":[],"iconIndex":0,"maxTurns":1,"message1":"","message2":"","message3":"","message4":"","minTurns":1,"motion":0,"name":"","note":"","overlay":0,"priority":50,"removeAtBattleEnd":false,"removeByDamage":false,"removeByRestriction":false,"removeByWalking":false,"restriction":0,"stepsToRemove":100,"messageType":1},
{"id":35,"autoRemovalTiming":0,"chanceByDamage":100,"traits":[],"iconIndex":0,"maxTurns":1,"message1":"","message2":"","message3":"","message4":"","minTurns":1,"motion":0,"name":"","note":"","overlay":0,"priority":50,"removeAtBattleEnd":false,"removeByDamage":false,"removeByRestriction":false,"removeByWalking":false,"restriction":0,"stepsToRemove":100,"messageType":1},
{"id":36,"autoRemovalTiming":0,"chanceByDamage":100,"traits":[],"iconIndex":0,"maxTurns":1,"message1":"","message2":"","message3":"","message4":"","minTurns":1,"motion":0,"name":"","note":"","overlay":0,"priority":50,"removeAtBattleEnd":false,"removeByDamage":false,"removeByRestriction":false,"removeByWalking":false,"restriction":0,"stepsToRemove":100,"messageType":1},
{"id":37,"autoRemovalTiming":0,"chanceByDamage":100,"traits":[],"iconIndex":0,"maxTurns":1,"message1":"","message2":"","message3":"","message4":"","minTurns":1,"motion":0,"name":"","note":"","overlay":0,"priority":50,"removeAtBattleEnd":false,"removeByDamage":false,"removeByRestriction":false,"removeByWalking":false,"restriction":0,"stepsToRemove":100,"messageType":1},
{"id":38,"autoRemovalTiming":0,"chanceByDamage":100,"traits":[],"iconIndex":0,"maxTurns":1,"message1":"","message2":"","message3":"","message4":"","minTurns":1,"motion":0,"name":"","note":"","overlay":0,"priority":50,"removeAtBattleEnd":false,"removeByDamage":false,"removeByRestriction":false,"removeByWalking":false,"restriction":0,"stepsToRemove":100,"messageType":1},
{"id":39,"autoRemovalTiming":0,"chanceByDamage":100,"traits":[],"iconIndex":0,"maxTurns":1,"message1":"","message2":"","message3":"","message4":"","minTurns":1,"motion":0,"name":"","note":"","overlay":0,"priority":50,"removeAtBattleEnd":false,"removeByDamage":false,"removeByRestriction":false,"removeByWalking":false,"restriction":0,"stepsToRemove":100,"messageType":1},
{"id":40,"autoRemovalTiming":0,"chanceByDamage":100,"traits":[],"iconIndex":0,"maxTurns":1,"message1":"","message2":"","message3":"","message4":"","minTurns":1,"motion":0,"name":"","note":"","overlay":0,"priority":50,"removeAtBattleEnd":false,"removeByDamage":false,"removeByRestriction":false,"removeByWalking":false,"restriction":0,"stepsToRemove":100,"messageType":1},
{"id":41,"autoRemovalTiming":2,"chanceByDamage":100,"traits":[{"code":21,"dataId":3,"value":1.9}],"iconIndex":128,"maxTurns":1,"message1":"","message2":"","message3":"","message4":"%1%2は物理攻撃に対する防御を解いた！","minTurns":1,"motion":0,"name":"物理防御","note":"","overlay":0,"priority":50,"removeAtBattleEnd":false,"removeByDamage":false,"removeByRestriction":false,"removeByWalking":false,"restriction":0,"stepsToRemove":100,"messageType":1},
{"id":42,"autoRemovalTiming":0,"chanceByDamage":100,"traits":[],"iconIndex":0,"maxTurns":1,"message1":"","message2":"","message3":"","message4":"","minTurns":1,"motion":0,"name":"","note":"","overlay":0,"priority":50,"removeAtBattleEnd":false,"removeByDamage":false,"removeByRestriction":false,"removeByWalking":false,"restriction":0,"stepsToRemove":100,"messageType":1},
{"id":43,"autoRemovalTiming":0,"chanceByDamage":100,"traits":[],"iconIndex":0,"maxTurns":1,"message1":"","message2":"","message3":"","message4":"","minTurns":1,"motion":0,"name":"","note":"","overlay":0,"priority":50,"removeAtBattleEnd":false,"removeByDamage":false,"removeByRestriction":false,"removeByWalking":false,"restriction":0,"stepsToRemove":100,"messageType":1},
{"id":44,"autoRemovalTiming":0,"chanceByDamage":100,"traits":[],"iconIndex":0,"maxTurns":1,"message1":"","message2":"","message3":"","message4":"","minTurns":1,"motion":0,"name":"","note":"","overlay":0,"priority":50,"removeAtBattleEnd":false,"removeByDamage":false,"removeByRestriction":false,"removeByWalking":false,"restriction":0,"stepsToRemove":100,"messageType":1},
{"id":45,"autoRemovalTiming":0,"chanceByDamage":100,"traits":[],"iconIndex":0,"maxTurns":1,"message1":"","message2":"","message3":"","message4":"","minTurns":1,"motion":0,"name":"","note":"","overlay":0,"priority":50,"removeAtBattleEnd":false,"removeByDamage":false,"removeByRestriction":false,"removeByWalking":false,"restriction":0,"stepsToRemove":100,"messageType":1},
{"id":46,"autoRemovalTiming":0,"chanceByDamage":100,"traits":[],"iconIndex":0,"maxTurns":1,"message1":"","message2":"","message3":"","message4":"","minTurns":1,"motion":0,"name":"","note":"","overlay":0,"priority":50,"removeAtBattleEnd":false,"removeByDamage":false,"removeByRestriction":false,"removeByWalking":false,"restriction":0,"stepsToRemove":100,"messageType":1},
{"id":47,"autoRemovalTiming":0,"chanceByDamage":100,"traits":[],"iconIndex":0,"maxTurns":1,"message1":"","message2":"","message3":"","message4":"","minTurns":1,"motion":0,"name":"","note":"","overlay":0,"priority":50,"removeAtBattleEnd":false,"removeByDamage":false,"removeByRestriction":false,"removeByWalking":false,"restriction":0,"stepsToRemove":100,"messageType":1},
{"id":48,"autoRemovalTiming":0,"chanceByDamage":100,"traits":[],"iconIndex":0,"maxTurns":1,"message1":"","message2":"","message3":"","message4":"","minTurns":1,"motion":0,"name":"","note":"","overlay":0,"priority":50,"removeAtBattleEnd":false,"removeByDamage":false,"removeByRestriction":false,"removeByWalking":false,"restriction":0,"stepsToRemove":100,"messageType":1},
{"id":49,"autoRemovalTiming":0,"chanceByDamage":100,"traits":[],"iconIndex":0,"maxTurns":1,"message1":"","message2":"","message3":"","message4":"","minTurns":1,"motion":0,"name":"","note":"","overlay":0,"priority":50,"removeAtBattleEnd":false,"removeByDamage":false,"removeByRestriction":false,"removeByWalking":false,"restriction":0,"stepsToRemove":100,"messageType":1},
{"id":50,"autoRemovalTiming":0,"chanceByDamage":100,"traits":[],"iconIndex":0,"maxTurns":1,"message1":"","message2":"","message3":"","message4":"","minTurns":1,"motion":0,"name":"","note":"","overlay":0,"priority":50,"removeAtBattleEnd":false,"removeByDamage":false,"removeByRestriction":false,"removeByWalking":false,"restriction":0,"stepsToRemove":100,"messageType":1},
{"id":51,"autoRemovalTiming":0,"chanceByDamage":100,"traits":[],"iconIndex":0,"maxTurns":1,"message1":"","message2":"","message3":"","message4":"","minTurns":1,"motion":0,"name":"","note":"","overlay":0,"priority":50,"removeAtBattleEnd":false,"removeByDamage":false,"removeByRestriction":false,"removeByWalking":false,"restriction":0,"stepsToRemove":100,"messageType":1},
{"id":52,"autoRemovalTiming":0,"chanceByDamage":100,"traits":[],"iconIndex":0,"maxTurns":1,"message1":"","message2":"","message3":"","message4":"","minTurns":1,"motion":0,"name":"","note":"","overlay":0,"priority":50,"removeAtBattleEnd":false,"removeByDamage":false,"removeByRestriction":false,"removeByWalking":false,"restriction":0,"stepsToRemove":100,"messageType":1},
{"id":53,"autoRemovalTiming":0,"chanceByDamage":100,"traits":[],"iconIndex":0,"maxTurns":1,"message1":"","message2":"","message3":"","message4":"","minTurns":1,"motion":0,"name":"","note":"","overlay":0,"priority":50,"removeAtBattleEnd":false,"removeByDamage":false,"removeByRestriction":false,"removeByWalking":false,"restriction":0,"stepsToRemove":100,"messageType":1},
{"id":54,"autoRemovalTiming":0,"chanceByDamage":100,"traits":[],"iconIndex":0,"maxTurns":1,"message1":"","message2":"","message3":"","message4":"","minTurns":1,"motion":0,"name":"","note":"","overlay":0,"priority":50,"removeAtBattleEnd":false,"removeByDamage":false,"removeByRestriction":false,"removeByWalking":false,"restriction":0,"stepsToRemove":100,"messageType":1},
{"id":55,"autoRemovalTiming":0,"chanceByDamage":100,"traits":[],"iconIndex":0,"maxTurns":1,"message1":"","message2":"","message3":"","message4":"","minTurns":1,"motion":0,"name":"","note":"","overlay":0,"priority":50,"removeAtBattleEnd":false,"removeByDamage":false,"removeByRestriction":false,"removeByWalking":false,"restriction":0,"stepsToRemove":100,"messageType":1},
{"id":56,"autoRemovalTiming":0,"chanceByDamage":100,"traits":[],"iconIndex":0,"maxTurns":1,"message1":"","message2":"","message3":"","message4":"","minTurns":1,"motion":0,"name":"","note":"","overlay":0,"priority":50,"removeAtBattleEnd":false,"removeByDamage":false,"removeByRestriction":false,"removeByWalking":false,"restriction":0,"stepsToRemove":100,"messageType":1},
{"id":57,"autoRemovalTiming":0,"chanceByDamage":100,"traits":[],"iconIndex":0,"maxTurns":1,"message1":"","message2":"","message3":"","message4":"","minTurns":1,"motion":0,"name":"","note":"","overlay":0,"priority":50,"removeAtBattleEnd":false,"removeByDamage":false,"removeByRestriction":false,"removeByWalking":false,"restriction":0,"stepsToRemove":100,"messageType":1},
{"id":58,"autoRemovalTiming":0,"chanceByDamage":100,"traits":[],"iconIndex":0,"maxTurns":1,"message1":"","message2":"","message3":"","message4":"","minTurns":1,"motion":0,"name":"","note":"","overlay":0,"priority":50,"removeAtBattleEnd":false,"removeByDamage":false,"removeByRestriction":false,"removeByWalking":false,"restriction":0,"stepsToRemove":100,"messageType":1},
{"id":59,"autoRemovalTiming":0,"chanceByDamage":100,"traits":[],"iconIndex":0,"maxTurns":1,"message1":"","message2":"","message3":"","message4":"","minTurns":1,"motion":0,"name":"","note":"","overlay":0,"priority":50,"removeAtBattleEnd":false,"removeByDamage":false,"removeByRestriction":false,"removeByWalking":false,"restriction":0,"stepsToRemove":100,"messageType":1},
{"id":60,"autoRemovalTiming":0,"chanceByDamage":100,"traits":[],"iconIndex":0,"maxTurns":1,"message1":"","message2":"","message3":"","message4":"","minTurns":1,"motion":0,"name":"","note":"","overlay":0,"priority":50,"removeAtBattleEnd":false,"removeByDamage":false,"removeByRestriction":false,"removeByWalking":false,"restriction":0,"stepsToRemove":100,"messageType":1}
]