[
null,
{"id":1,"list":[{"code":0,"indent":0,"parameters":[]}],"name":"","switchId":1,"trigger":0},
{"id":2,"list":[{"code":0,"indent":0,"parameters":[]}],"name":"","switchId":1,"trigger":0},
{"id":3,"list":[{"code":0,"indent":0,"parameters":[]}],"name":"","switchId":1,"trigger":0},
{"id":4,"list":[{"code":0,"indent":0,"parameters":[]}],"name":"","switchId":1,"trigger":0},
{"id":5,"list":[{"code":231,"indent":0,"parameters":[1,"Utinoko_Picture",1,0,408,368,100,100,255,0]},{"code":0,"indent":0,"parameters":[]}],"name":"ピクチャ表示","switchId":1,"trigger":0},
{"id":6,"list":[{"code":101,"indent":0,"parameters":["",0,0,2,"\\n[1]"]},{"code":401,"indent":0,"parameters":["休み時間になったけど、ヒマだな。"]},{"code":401,"indent":0,"parameters":["俺とじゃんけんしようぜ。"]},{"code":102,"indent":0,"parameters":[["はい","いいえ"],-1,-1,1,0]},{"code":402,"indent":0,"parameters":[0,"はい"]},{"code":117,"indent":1,"parameters":[7]},{"code":123,"indent":1,"parameters":["A",0]},{"code":0,"indent":1,"parameters":[]},{"code":402,"indent":0,"parameters":[1,"いいえ"]},{"code":117,"indent":1,"parameters":[8]},{"code":354,"indent":1,"parameters":[]},{"code":0,"indent":1,"parameters":[]},{"code":404,"indent":0,"parameters":[]},{"code":0,"indent":0,"parameters":[]}],"name":"ジャンケン提案セリフ","switchId":1,"trigger":0},
{"id":7,"list":[{"code":101,"indent":0,"parameters":["",0,0,2,"\\n[1]"]},{"code":401,"indent":0,"parameters":["よっしゃ、絶対勝つからな！"]},{"code":401,"indent":0,"parameters":["いくぜ！"]},{"code":0,"indent":0,"parameters":[]}],"name":"ジャンケン開始セリフ","switchId":1,"trigger":0},
{"id":8,"list":[{"code":101,"indent":0,"parameters":["",0,0,2,"\\n[1]"]},{"code":401,"indent":0,"parameters":["そうか、じゃあ今度よろしくな。"]},{"code":0,"indent":0,"parameters":[]}],"name":"ジャンケン断られセリフ","switchId":1,"trigger":0},
{"id":9,"list":[{"code":101,"indent":0,"parameters":["",0,0,2,"\\n[1]"]},{"code":401,"indent":0,"parameters":["じゃんけん、ぽんっ。"]},{"code":0,"indent":0,"parameters":[]}],"name":"ジャンケン手出しセリフ","switchId":1,"trigger":0},
{"id":10,"list":[{"code":108,"indent":0,"parameters":["「グーを出す確率」と「チョキを出す確率」の合計は"]},{"code":408,"indent":0,"parameters":["99以下にすることを推奨します。"]},{"code":408,"indent":0,"parameters":[""]},{"code":408,"indent":0,"parameters":["「パーを出す確率」は「グーもチョキも出さない確率」なので"]},{"code":408,"indent":0,"parameters":["入力しなくていいです。"]},{"code":122,"indent":0,"parameters":[4,4,0,0,33]},{"code":122,"indent":0,"parameters":[5,5,0,0,33]},{"code":0,"indent":0,"parameters":[]}],"name":"ジャンケン手出し確率","switchId":1,"trigger":0},
{"id":11,"list":[{"code":101,"indent":0,"parameters":["",0,0,2,"\\n[1]"]},{"code":401,"indent":0,"parameters":["あいこか、もう一度じゃんけんするか？"]},{"code":0,"indent":0,"parameters":[]}],"name":"ジャンケンあいこセリフ","switchId":1,"trigger":0},
{"id":12,"list":[{"code":108,"indent":0,"parameters":["プレイヤーがジャンケンに勝った時のセリフ"]},{"code":101,"indent":0,"parameters":["",0,0,2,"\\n[1]"]},{"code":401,"indent":0,"parameters":["負けたぜ、もう一回じゃんけんするか？"]},{"code":0,"indent":0,"parameters":[]}],"name":"うちの子負けセリフ","switchId":1,"trigger":0},
{"id":13,"list":[{"code":108,"indent":0,"parameters":["プレイヤーがジャンケンに負けた時のセリフ"]},{"code":101,"indent":0,"parameters":["",0,0,2,"\\n[1]"]},{"code":401,"indent":0,"parameters":["勝ったぜ、もう一回じゃんけんするか？"]},{"code":0,"indent":0,"parameters":[]}],"name":"うちの子勝ちセリフ","switchId":1,"trigger":0},
{"id":14,"list":[{"code":101,"indent":0,"parameters":["",0,0,2,"\\n[1]"]},{"code":401,"indent":0,"parameters":["よし、もう一度勝負だ。"]},{"code":0,"indent":0,"parameters":[]}],"name":"ジャンケン再戦セリフ","switchId":1,"trigger":0},
{"id":15,"list":[{"code":101,"indent":0,"parameters":["",0,0,2,"\\n[1]"]},{"code":401,"indent":0,"parameters":["わかった、また今度じゃんけんしようぜ。"]},{"code":0,"indent":0,"parameters":[]}],"name":"ジャンケン終了セリフ","switchId":1,"trigger":0},
{"id":16,"list":[{"code":101,"indent":0,"parameters":["",0,0,2,"\\n[1]"]},{"code":401,"indent":0,"parameters":["なんだ？ じゃんけんをやめるのか？"]},{"code":0,"indent":0,"parameters":[]}],"name":"ジャンケン中止確認セリフ","switchId":1,"trigger":0},
{"id":17,"list":[{"code":0,"indent":0,"parameters":[]}],"name":"","switchId":1,"trigger":0},
{"id":18,"list":[{"code":0,"indent":0,"parameters":[]}],"name":"","switchId":1,"trigger":0},
{"id":19,"list":[{"code":0,"indent":0,"parameters":[]}],"name":"","switchId":1,"trigger":0},
{"id":20,"list":[{"code":0,"indent":0,"parameters":[]}],"name":"","switchId":1,"trigger":0}
]